<?xml version="1.0" encoding="UTF-8" ?>
<!DOCTYPE mapper
        PUBLIC "-//mybatis.org//DTD Mapper 3.0//EN"
        "http://mybatis.org/dtd/mybatis-3-mapper.dtd">
<mapper namespace="com.heart.campus.dal.dao.data.LabelDAO">

    <resultMap id="RM_LabelDO" type="com.heart.campus.dal.domain.data.LabelDO">
        <result column="id" property="id" jdbcType="INTEGER"/>
        <result column="gmt_create" property="gmtCreate" jdbcType="TIMESTAMP"/>
        <result column="gmt_modified" property="gmtModified" jdbcType="TIMESTAMP"/>
        <result column="status" property="status" jdbcType="INTEGER"/>
        <result column="label" property="label" jdbcType="VARCHAR"/>
    </resultMap>


    <!-- 新增记录,如果存在生成主键，增加如下配置：useGeneratedKeys="true" keyProperty="id"-->
    <insert id="insert" parameterType="LabelDO" useGeneratedKeys="true" keyProperty="id">
        INSERT INTO label
        <include refid="sql_file_data_insert_column_list"/>
        VALUES
        (now(),now(),#{label},#{status})
    </insert>

    <!-- 批量插入-->
    <insert id="batchInsert" parameterType="java.util.List" useGeneratedKeys="true" keyProperty="id">
        INSERT INTO label
        <include refid="sql_file_data_insert_column_list"/>
        VALUES
        <foreach item="item" collection="list" separator=",">
            (now(),now(),#{item.label},#{item.status})
        </foreach>
    </insert>

    <!-- 删除记录-->
    <delete id="delete" parameterType="java.util.Map">
        DELETE FROM label
        <include refid="sql_label_where_list"></include>
        <include refid="sql_label_where_properties"></include>
        <include refid="sql_label_where_like_properties"></include>
    </delete>

    <!-- 更新记录，如果需要设置更新时间，增加如下命令：SET `gmt_modified` = now()-->
    <update id="update" parameterType="java.util.Map">
        UPDATE label
        SET `gmt_modified` = now()
        <include refid="sql_label_set_properties"></include>
        <include refid="sql_label_where_list"></include>
        <include refid="sql_label_where_properties"></include>
        <include refid="sql_label_where_like_properties"></include>
    </update>

    <!--
        用途：通用批量查询数据
        预计每天执行该sql语句的调用频率（单位：次/天）：10000
        部署在前台还是后台：后台
     -->
    <select id="query" parameterType="java.util.Map" resultMap="RM_LabelDO">
        <include refid="sql_label_select"></include>
        <include refid="sql_label_where_list"></include>
        <include refid="sql_label_where_properties"></include>
        <include refid="sql_label_where_like_properties"></include>
        <include refid="sql_label_order"></include>
        <include refid="sql_label_limit"></include>
    </select>


    <select id="count" parameterType="java.util.Map" resultType="java.lang.Integer">
        <include refid="sql_label_count"></include>
        <include refid="sql_label_where_list"></include>
        <include refid="sql_label_where_properties"></include>
        <include refid="sql_label_where_like_properties"></include>
    </select>

    <sql id="sql_file_data_insert_column_list">
        (`gmt_create`,`gmt_modified`,`label`,`status`)
    </sql>

    <!-- 查询SQL语句 -->
    <sql id="sql_label_select">
        <![CDATA[



            SELECT
             `id`,`label`,`status`,`gmt_create`,`gmt_modified`
            FROM label



        ]]>
    </sql>

    <sql id="sql_label_count">
        <![CDATA[



			SELECT
				 COUNT(*)
		    FROM label



        ]]>
    </sql>


    <!-- 限制每页大小的SQL语句 -->
    <sql id="sql_label_limit">
        <if test="pageSize != null and pageSize > 0">
            LIMIT #{startNum},#{pageSize}
        </if>
    </sql>
    <!-- 排序SQL语句 -->
    <sql id="sql_label_order">
        <if test="orderBy == 'ID'">
            ORDER BY `id`
            <if test="order == 'DESC'">
                DESC
            </if>
            <if test="order == 'ASC'">
                ASC
            </if>
        </if>
        <!-- 根据最近修改时间排序，当前表不支持-->
        <!--<if recommender="orderBy == 'GMT_MODIFIED'">-->
        <!--ORDER BY `gmt_modified`-->
        <!--<if recommender="order == 'DESC'">-->
        <!--DESC-->
        <!--</if>-->
        <!--<if recommender="order == 'ASC'">-->
        <!--ASC-->
        <!--</if>-->
        <!--</if>-->
    </sql>
    <!-- 查询集合条件SQL语句 -->
    <sql id="sql_label_where_list">
        where 1=1
        <if test="equalParam_idList != null">
            AND `id` IN
            <foreach collection="equalParam_idList" item="item" index="index" open="(" separator="," close=")">
                #{item}
            </foreach>
        </if>
        <if test="equalParam_statusList != null">
            AND `status` IN
            <foreach collection="equalParam_statusList" item="item" index="index" open="(" separator="," close=")">
                #{item}
            </foreach>
        </if>
    </sql>

    <!-- 查询条件SQL语句 -->
    <sql id="sql_label_where_properties">
        <if test="equalParam_id != null">
            AND `id` = #{equalParam_id}
        </if>
        <if test="equalParam_label != null">
            AND `label` = #{equalParam_label}
        </if>
        <if test="equalParam_status != null">
            AND `status` = #{equalParam_status }
        </if>
    </sql>

    <!-- 查询like条件SQL语句 -->
    <sql id="sql_label_where_like_properties">
    </sql>

    <!-- set Properties SQL语句 -->
    <sql id="sql_label_set_properties">
        <if test="setParam_label != null">,label = #{setParam_label}</if>
        <if test="setParam_status != null">,status = #{setParam_status}</if>
    </sql>

</mapper>
