<?xml version="1.0" encoding="UTF-8" ?>
<!DOCTYPE mapper
        PUBLIC "-//mybatis.org//DTD Mapper 3.0//EN"
        "http://mybatis.org/dtd/mybatis-3-mapper.dtd">
<mapper namespace="com.heart.campus.dal.dao.system.MemberDAO">

    <resultMap id="RM_MemberDO" type="com.heart.campus.dal.domain.system.MemberDO">
        <result column="id" property="id" jdbcType="INTEGER"/>
        <result column="gmt_create" property="gmtCreate" jdbcType="TIMESTAMP"/>
        <result column="gmt_modified" property="gmtModified" jdbcType="TIMESTAMP"/>
        <result column="status" property="status" jdbcType="INTEGER"/>
        <result column="age" property="age" jdbcType="INTEGER"/>
        <result column="gender" property="gender" jdbcType="INTEGER"/>
        <result column="rank" property="rank" jdbcType="VARCHAR"/>
        <result column="cname" property="cName" jdbcType="VARCHAR"/>
        <result column="ename" property="eName" jdbcType="VARCHAR"/>
        <result column="content" property="content" jdbcType="VARCHAR"/>
        <result column="headphoto" property="headPhoto" jdbcType="VARCHAR"/>
        <result column="lifephoto" property="lifePhoto" jdbcType="VARCHAR"/>
        <result column="degree" property="degree" jdbcType="VARCHAR"/>
        <result column="email" property="email" jdbcType="VARCHAR"/>
        <result column="depart" property="depart" jdbcType="VARCHAR"/>
        <result column="phone" property="phone" jdbcType="VARCHAR"/>
        <result column="telephone" property="telephone" jdbcType="VARCHAR"/>
        <result column="direction" property="direction" jdbcType="VARCHAR"/>
    </resultMap>

    <!-- 新增记录,如果存在生成主键，增加如下配置：useGeneratedKeys="true" keyProperty="id"-->
    <insert id="insert" parameterType="MemberDO" useGeneratedKeys="true" keyProperty="id">
        INSERT INTO member
        <include refid="sql_file_data_insert_column_list"/>
        VALUES
        (
        <if test="id != null">
            #{id},
        </if>
        #{age},#{gender},#{rank},#{cName},#{eName},#{content},#{headPhoto},#{lifePhoto},#{degree},#{email},#{depart},#{phone},#{telephone},#{direction},now(),now(),#{status})
    </insert>

    <!-- 批量插入-->
    <insert id="batchInsert" parameterType="java.util.List" useGeneratedKeys="true" keyProperty="id">
        INSERT INTO member
        <include refid="sql_file_data_insert_column_list"/>
        VALUES
        <foreach item="item" collection="list" separator=",">
            #{age},#{gender},#{rank},#{cName},#{eName},#{content},#{headPhoto},#{lifePhoto},#{degree},#{email},#{depart},#{phone},#{telephone},#{direction},now(),now(),#{status})
        </foreach>
    </insert>

    <!-- 删除记录-->
    <delete id="delete" parameterType="java.util.Map">
        DELETE FROM member
        <include refid="sql_member_where_list"></include>
        <include refid="sql_member_where_properties"></include>
        <include refid="sql_member_where_like_properties"></include>
    </delete>

    <!-- 更新记录，如果需要设置更新时间，增加如下命令：SET `gmt_modified` = now()-->
    <update id="update" parameterType="java.util.Map">
        UPDATE member
        SET `gmt_modified` = now()
        <include refid="sql_member_set_properties"></include>
        <include refid="sql_member_where_list"></include>
        <include refid="sql_member_where_properties"></include>
        <include refid="sql_member_where_like_properties"></include>
    </update>

    <!--
        用途：通用批量查询数据
        预计每天执行该sql语句的调用频率（单位：次/天）：10000
        部署在前台还是后台：后台
     -->
    <select id="query" parameterType="java.util.Map" resultMap="RM_MemberDO">
        <include refid="sql_member_select"></include>
        <include refid="sql_member_where_list"></include>
        <include refid="sql_member_where_properties"></include>
        <include refid="sql_member_where_like_properties"></include>
        <include refid="sql_member_order"></include>
        <include refid="sql_member_limit"></include>
    </select>


    <select id="count" parameterType="java.util.Map" resultType="java.lang.Integer">
        <include refid="sql_member_count"></include>
        <include refid="sql_member_where_list"></include>
        <include refid="sql_member_where_properties"></include>
        <include refid="sql_member_where_like_properties"></include>
    </select>

    <sql id="sql_file_data_insert_column_list">
        (
        <if test="id != null">
            `id`,
        </if>
        `age`,`gender`,`rank`,`cname`,`ename`,`content`,`headphoto`,`lifephoto`,`degree`,`email`,`depart`,`phone`,`telephone`,`direction`,`gmt_create`,`gmt_modified`,`status`
        )
    </sql>

    <!-- 仅查询简要信息-->
    <select id="loadMemberList" resultMap="RM_MemberDO">
        SELECT id,headphoto,cname,ename,email,rank FROM member
    </select>

    <!-- 查询SQL语句 -->
    <sql id="sql_member_select">
        <![CDATA[

            SELECT
             `id`, `age`,`gender`,`rank`,`cname`,`ename`,`content`,`headphoto`,`lifephoto`,`degree`,`email`,`depart`,`phone`,`telephone`,`direction`,`gmt_create`,`gmt_modified`,`status`
            FROM member

        ]]>
    </sql>

    <sql id="sql_member_count">
        <![CDATA[

			SELECT
				 COUNT(*)
		    FROM member

        ]]>
    </sql>


    <!-- 限制每页大小的SQL语句 -->
    <sql id="sql_member_limit">
        <if test="pageSize != null and pageSize > 0">
            LIMIT #{startNum},#{pageSize}
        </if>
    </sql>
    <!-- 排序SQL语句 -->
    <sql id="sql_member_order">
        <if test="orderBy == 'ID'">
            ORDER BY `id`
            <if test="order == 'DESC'">
                DESC
            </if>
            <if test="order == 'ASC'">
                ASC
            </if>
        </if>
    </sql>
    <!-- 查询集合条件SQL语句 -->
    <sql id="sql_member_where_list">
        where 1=1
        <if test="equalParam_idList != null">
            AND `id` IN
            <foreach collection="equalParam_idList" item="item" index="index" open="(" separator="," close=")">
                #{item}
            </foreach>
        </if>
        <if test="equalParam_statusList != null">
            AND `status` IN
            <foreach collection="equalParam_statusList" item="item" index="index" open="(" separator="," close=")">
                #{item}
            </foreach>
        </if>
    </sql>

    <!-- 查询条件SQL语句 -->
    <sql id="sql_member_where_properties">
        <if test="equalParam_id != null">
            AND `id` = #{equalParam_id}
        </if>
        <if test="equalParam_status != null">
            AND `status` = #{equalParam_status }
        </if>
    </sql>

    <!-- 查询like条件SQL语句 -->
    <sql id="sql_member_where_like_properties">
    </sql>

    <!-- set Properties SQL语句 -->
    <sql id="sql_member_set_properties">
        <if test="setParam_age != null">,user_id = #{setParam_age}</if>
        <if test="setParam_content != null">,content = #{setParam_content}</if>
        <if test="setParam_gender != null">,gender = #{setParam_gender}</if>
        <if test="setParam_rank != null">,rank = #{setParam_rank}</if>
        <if test="setParam_headPhoto != null">,headphoto = #{setParam_headPhoto}</if>
        <if test="setParam_lifePhoto != null">,lifephoto = #{setParam_lifePhoto}</if>
        <if test="setParam_degree != null">,degree = #{setParam_degree}</if>
        <if test="setParam_phone != null">,phone = #{setParam_phone}</if>
        <if test="setParam_telephone != null">,telephone = #{setParam_telephone}</if>
        <if test="setParam_depart != null">,depart = #{setParam_depart}</if>
        <if test="setParam_direction != null">,direction = #{setParam_direction}</if>
        <if test="setParam_status != null">,status = #{setParam_status}</if>
    </sql>

</mapper>
