<?xml version="1.0" encoding="UTF-8" ?>
<!DOCTYPE mapper
        PUBLIC "-//mybatis.org//DTD Mapper 3.0//EN"
        "http://mybatis.org/dtd/mybatis-3-mapper.dtd">
<mapper namespace="com.heart.campus.dal.dao.data.PostTypeDAO">

    <resultMap id="RM_PostTypeDO" type="com.heart.campus.dal.domain.data.PostTypeDO">
        <result column="id" property="id" jdbcType="INTEGER"/>
        <result column="gmt_create" property="gmtCreate" jdbcType="TIMESTAMP"/>
        <result column="gmt_modified" property="gmtModified" jdbcType="TIMESTAMP"/>
        <result column="status" property="status" jdbcType="INTEGER"/>
        <result column="post_type_desc" property="desc" jdbcType="VARCHAR"/>
    </resultMap>


    <!-- 新增记录,如果存在生成主键，增加如下配置：useGeneratedKeys="true" keyProperty="id"-->
    <insert id="insert" parameterType="PostTypeDO" useGeneratedKeys="true" keyProperty="id">
        INSERT INTO post_type
        (
        <if test="id != null">
            `id`,
        </if>
        `gmt_create`,`gmt_modified`,`post_type_desc`,`status`)
        VALUES
        (
        <if test="id != null">
            #{id},
        </if>
        now(),now(),#{desc},#{status})
    </insert>

    <!-- 删除记录-->
    <delete id="delete" parameterType="java.util.Map">
        DELETE FROM post_type
        <include refid="sql_postType_where_list"></include>
        <include refid="sql_postType_where_properties"></include>
        <include refid="sql_postType_where_like_properties"></include>
    </delete>

    <!-- 更新记录，如果需要设置更新时间，增加如下命令：SET `gmt_modified` = now()-->
    <update id="update" parameterType="java.util.Map">
        UPDATE post_type
        SET `gmt_modified` = now()
        <include refid="sql_postType_set_properties"></include>
        <include refid="sql_postType_where_list"></include>
        <include refid="sql_postType_where_properties"></include>
        <include refid="sql_postType_where_like_properties"></include>
    </update>

    <!--
        用途：通用批量查询数据
        预计每天执行该sql语句的调用频率（单位：次/天）：10000
        部署在前台还是后台：后台
     -->
    <select id="query" parameterType="java.util.Map" resultMap="RM_PostTypeDO">
        <include refid="sql_postType_select"></include>
        <include refid="sql_postType_where_list"></include>
        <include refid="sql_postType_where_properties"></include>
        <include refid="sql_postType_where_like_properties"></include>
        <include refid="sql_postType_order"></include>
        <include refid="sql_postType_limit"></include>
    </select>


    <select id="count" parameterType="java.util.Map" resultType="java.lang.Integer">
        <include refid="sql_postType_count"></include>
        <include refid="sql_postType_where_list"></include>
        <include refid="sql_postType_where_properties"></include>
        <include refid="sql_postType_where_like_properties"></include>
    </select>


    <!-- 查询SQL语句 -->
    <sql id="sql_postType_select">
        <![CDATA[
            SELECT
             `id`,`post_type_desc`,`status`,`gmt_create`,`gmt_modified`
            FROM post_type
        ]]>
    </sql>

    <sql id="sql_postType_count">
        <![CDATA[
			SELECT
				 COUNT(*)
		    FROM post_type
        ]]>
    </sql>


    <!-- 限制每页大小的SQL语句 -->
    <sql id="sql_postType_limit">
        <if test="pageSize != null and pageSize > 0">
            LIMIT #{startNum},#{pageSize}
        </if>
    </sql>
    <!-- 排序SQL语句 -->
    <sql id="sql_postType_order">
        <if test="orderBy == 'ID'">
            ORDER BY `id`
            <if test="order == 'DESC'">
                DESC
            </if>
            <if test="order == 'ASC'">
                ASC
            </if>
        </if>
        <!-- 根据最近修改时间排序，当前表不支持-->
        <!--<if test="orderBy == 'GMT_MODIFIED'">-->
        <!--ORDER BY `gmt_modified`-->
        <!--<if test="order == 'DESC'">-->
        <!--DESC-->
        <!--</if>-->
        <!--<if test="order == 'ASC'">-->
        <!--ASC-->
        <!--</if>-->
        <!--</if>-->
    </sql>
    <!-- 查询集合条件SQL语句 -->
    <sql id="sql_postType_where_list">
        where 1=1
        <if test="equalParam_idList != null">
            AND `id` IN
            <foreach collection="equalParam_idList" item="item" index="index" open="(" separator="," close=")">
                #{item}
            </foreach>
        </if>
        <if test="equalParam_statusList != null">
            AND `status` IN
            <foreach collection="equalParam_statusList" item="item" index="index" open="(" separator="," close=")">
                #{item}
            </foreach>
        </if>
    </sql>

    <!-- 查询条件SQL语句 -->
    <sql id="sql_postType_where_properties">
        <if test="equalParam_id != null">
            AND `id` = #{equalParam_id}
        </if>
        <if test="equalParam_desc != null">
            AND `post_type_desc` = #{equalParam_desc}
        </if>
        <if test="equalParam_status != null">
            AND `status` = #{equalParam_status }
        </if>
    </sql>

    <!-- 查询like条件SQL语句 -->
    <sql id="sql_postType_where_like_properties">
    </sql>

    <!-- set Properties SQL语句 -->
    <sql id="sql_postType_set_properties">
        <if test="setParam_desc != null">,post_type_desc = #{setParam_desc}</if>
        <if test="setParam_status != null">,status = #{setParam_status}</if>
    </sql>

</mapper>
