<?xml version="1.0" encoding="UTF-8" ?>
<!DOCTYPE mapper
        PUBLIC "-//mybatis.org//DTD Mapper 3.0//EN"
        "http://mybatis.org/dtd/mybatis-3-mapper.dtd">
<mapper namespace="com.heart.campus.dal.dao.data.PostDAO">

    <resultMap id="RM_PostDO" type="com.heart.campus.dal.domain.data.PostDO">
        <result column="id" property="id" jdbcType="INTEGER"/>
        <result column="gmt_create" property="gmtCreate" jdbcType="TIMESTAMP"/>
        <result column="gmt_modified" property="gmtModified" jdbcType="TIMESTAMP"/>
        <result column="status" property="status" jdbcType="INTEGER"/>
        <result column="post_id" property="postId" jdbcType="VARCHAR"/>
        <result column="post_type_id" property="typeId" jdbcType="INTEGER"/>
        <result column="post_user_id" property="userId" jdbcType="VARCHAR"/>
        <result column="post_title" property="title" jdbcType="VARCHAR"/>
        <result column="post_content" property="content" jdbcType="VARCHAR"/>
        <result column="post_priority" property="priority" jdbcType="INTEGER"/>
        <result column="post_upvote_count" property="upvoteCount" jdbcType="INTEGER"/>
        <result column="post_visit_count" property="visitCount" jdbcType="INTEGER"/>
        <result column="post_blackwhite_state" property="blackWhiteState" jdbcType="INTEGER"/>
        <result column="label_id" property="labelId" jdbcType="INTEGER"/>
    </resultMap>


    <!-- 新增记录,如果存在生成主键，增加如下配置：useGeneratedKeys="true" keyProperty="id"-->
    <insert id="insert" parameterType="PostDO" useGeneratedKeys="true" keyProperty="id">
        INSERT INTO post
        <include refid="sql_file_data_insert_column_list"/>
        VALUES
        (
        <if test="id != null">
            #{id},
        </if>
        #{postId},#{typeId},#{userId},#{title},#{content},#{priority},#{upvoteCount},#{visitCount},#{blackWhiteState},now(),now(),#{status},#{typeId})
    </insert>

    <!-- 批量插入-->
    <insert id="batchInsert" parameterType="java.util.List" useGeneratedKeys="true" keyProperty="id">
        INSERT INTO post
        <include refid="sql_file_data_insert_column_list"/>
        VALUES
        <foreach item="item" collection="list" separator=",">
            (#{postId},#{typeId},#{userId},#{title},#{content},#{priority},#{upvoteCount},#{visitCount},#{blackWhiteState},now(),now(),#{status},#{typeId})
        </foreach>
    </insert>

    <!-- 删除记录-->
    <delete id="delete" parameterType="java.util.Map">
        DELETE FROM post
        <include refid="sql_post_where_list"></include>
        <include refid="sql_post_where_properties"></include>
        <include refid="sql_post_where_like_properties"></include>
    </delete>

    <!-- 更新记录，如果需要设置更新时间，增加如下命令：SET `gmt_modified` = now()-->
    <update id="update" parameterType="java.util.Map">
        UPDATE post
        SET `gmt_modified` = now()
        <include refid="sql_post_set_properties"></include>
        <include refid="sql_post_where_list"></include>
        <include refid="sql_post_where_properties"></include>
        <include refid="sql_post_where_like_properties"></include>
    </update>

    <!--
        用途：通用批量查询数据
        预计每天执行该sql语句的调用频率（单位：次/天）：10000
        部署在前台还是后台：后台
     -->
    <select id="query" parameterType="java.util.Map" resultMap="RM_PostDO">
        <include refid="sql_post_select"></include>
        <include refid="sql_post_where_list"></include>
        <include refid="sql_post_where_properties"></include>
        <include refid="sql_post_where_like_properties"></include>
        <include refid="sql_post_order"></include>
        <include refid="sql_post_limit"></include>
    </select>


    <select id="count" parameterType="java.util.Map" resultType="java.lang.Integer">
        <include refid="sql_post_count"></include>
        <include refid="sql_post_where_list"></include>
        <include refid="sql_post_where_properties"></include>
        <include refid="sql_post_where_like_properties"></include>
    </select>

    <sql id="sql_file_data_insert_column_list">
        (
        <if test="id != null">
            `id`,
        </if>
        `post_id`,`post_type_id`,`post_user_id`,`post_title`,`post_content`,`post_priority`,`post_upvote_count`,`post_visit_count`,`post_blackwhite_state`,`label_id`,`gmt_create`,`gmt_modified`,`status`
        )
    </sql>
    
    <!-- 查询SQL语句 -->
    <sql id="sql_post_select">
        <![CDATA[
            SELECT
             `id`,`post_id`,`post_type_id`,`post_user_id`,`post_title`,`post_content`,`post_priority`,`post_upvote_count`,`post_visit_count`,`post_blackwhite_state`,`label_id`,`gmt_create`,`gmt_modified`,`status`
            FROM post
        ]]>
    </sql>

    <sql id="sql_post_count">
        <![CDATA[
			SELECT
				 COUNT(*)
		    FROM post
        ]]>
    </sql>


    <!-- 限制每页大小的SQL语句 -->
    <sql id="sql_post_limit">
        <if test="pageSize != null and pageSize > 0">
            LIMIT #{startNum},#{pageSize}
        </if>
    </sql>
    <!-- 排序SQL语句 -->
    <sql id="sql_post_order">
        <if test="orderBy == 'ID'">
            ORDER BY `id`
            <if test="order == 'DESC'">
                DESC
            </if>
            <if test="order == 'ASC'">
                ASC
            </if>
        </if>
        <!-- 根据最近修改时间排序，当前表不支持-->
        <!--<if test="orderBy == 'GMT_MODIFIED'">-->
        <!--ORDER BY `gmt_modified`-->
        <!--<if test="order == 'DESC'">-->
        <!--DESC-->
        <!--</if>-->
        <!--<if test="order == 'ASC'">-->
        <!--ASC-->
        <!--</if>-->
        <!--</if>-->
    </sql>
    <!-- 查询集合条件SQL语句 -->
    <sql id="sql_post_where_list">
        where 1=1
        <if test="equalParam_idList != null">
            AND `id` IN
            <foreach collection="equalParam_idList" item="item" index="index" open="(" separator="," close=")">
                #{item}
            </foreach>
        </if>
        <if test="equalParam_statusList != null">
            AND `status` IN
            <foreach collection="equalParam_statusList" item="item" index="index" open="(" separator="," close=")">
                #{item}
            </foreach>
        </if>
    </sql>

    <!-- 查询条件SQL语句 -->
    <sql id="sql_post_where_properties">
        <if test="equalParam_id != null">
            AND `id` = #{equalParam_id}
        </if>
        <if test="equalParam_postId != null">
            AND `post_id` = #{equalParam_postId}
        </if>
        <if test="equalParam_typeId != null">
            AND `post_type_id` = #{equalParam_typeId}
        </if>
        <if test="equalParam_userId != null">
            AND `post_user_id` = #{equalParam_userId}
        </if>
        <if test="equalParam_title != null">
            AND `post_title` = #{equalParam_title}
        </if>
        <if test="equalParam_content != null">
            AND `post_content` = #{equalParam_content}
        </if>
        <if test="equalParam_priority != null">
            AND `post_priority` = #{equalParam_priority}
        </if>
        <if test="equalParam_upvoteCount != null">
            AND `post_upvote_count` = #{equalParam_upvoteCount}
        </if>
        <if test="equalParam_visitCount != null">
            AND `post_visit_count` = #{equalParam_visitCount}
        </if>
        <if test="equalParam_blackWhiteState != null">
            AND `post_blackwhite_state` = #{equalParam_blackWhiteState}
        </if>
        <if test="equalParam_status != null">
            AND `status` = #{equalParam_status }
        </if>
        <if test="equalParam_labelId != null">
            AND `label_id` = #{equalParam_labelId}
        </if>
    </sql>

    <!-- 查询like条件SQL语句 -->
    <sql id="sql_post_where_like_properties">
    </sql>

    <!-- set Properties SQL语句 -->
    <sql id="sql_post_set_properties">
        <if test="setParam_postId != null">,post_id = #{setParam_postId}</if>
        <if test="setParam_typeId != null">,post_type_id = #{setParam_typeId}</if>
        <if test="setParam_userId != null">,post_user_id = #{setParam_userId}</if>
        <if test="setParam_title != null">,post_title = #{setParam_title}</if>
        <if test="setParam_content != null">,post_content = #{setParam_content}</if>
        <if test="setParam_priority != null">,post_priority = #{setParam_priority}</if>
        <if test="setParam_upvoteCount != null">,post_upvote_count = #{setParam_upvoteCount}</if>
        <if test="setParam_visitCount != null">,post_visit_count = #{setParam_visitCount}</if>
        <if test="setParam_blackWhiteState != null">,post_blackwhite_state = #{setParam_blackWhiteState}</if>
        <if test="setParam_status != null">,status = #{setParam_status}</if>
        <if test="setParam_typeId != null">,label_id = #{setParam_typeId}</if>
    </sql>

</mapper>
