<?xml version="1.0" encoding="UTF-8" ?>
<!DOCTYPE mapper
        PUBLIC "-//mybatis.org//DTD Mapper 3.0//EN"
        "http://mybatis.org/dtd/mybatis-3-mapper.dtd">
<mapper namespace="com.heart.campus.dal.dao.data.PostLabelRecordDAO">

    <resultMap id="RM_PostLabelRecordDO" type="com.heart.campus.dal.domain.data.PostLabelRecordDO">
        <result column="id" property="id" jdbcType="INTEGER"/>
        <result column="gmt_create" property="gmtCreate" jdbcType="TIMESTAMP"/>
        <result column="gmt_modified" property="gmtModified" jdbcType="TIMESTAMP"/>
        <result column="label_id" property="labelId" jdbcType="INTEGER"/>
        <result column="gender" property="gender" jdbcType="INTEGER"/>
        <result column="number" property="number" jdbcType="INTEGER"/>
        <result column="status" property="status" jdbcType="INTEGER"/>
    </resultMap>


    <!-- 新增记录,如果存在生成主键，增加如下配置：useGeneratedKeys="true" keyProperty="id"-->
    <insert id="insert" parameterType="PostLabelRecordDO" useGeneratedKeys="true" keyProperty="id">
        INSERT INTO post_label_record
        (
        <if test="id != null">
            `id`,
        </if>
        `gmt_create`,`gmt_modified`,`label_id`,`gender`,`number`,`status`)
        VALUES
        (
        <if test="id != null">
            #{id},
        </if>
        now(),now(),#{labelId},#{gender},#{number},#{status})
    </insert>

    <!-- 删除记录-->
    <delete id="delete" parameterType="java.util.Map">
        DELETE FROM post_label_record
        <include refid="sql_postTime_where_list"></include>
        <include refid="sql_postTime_where_properties"></include>
        <include refid="sql_postTime_where_like_properties"></include>
    </delete>

    <!-- 更新记录，如果需要设置更新时间，增加如下命令：SET `gmt_modified` = now()-->
    <update id="update" parameterType="java.util.Map">
        UPDATE post_label_record
        SET `gmt_modified` = now()
        <include refid="sql_postTime_set_properties"></include>
        <include refid="sql_postTime_where_list"></include>
        <include refid="sql_postTime_where_properties"></include>
        <include refid="sql_postTime_where_like_properties"></include>
    </update>

    <!--
        用途：通用批量查询数据
        预计每天执行该sql语句的调用频率（单位：次/天）：10000
        部署在前台还是后台：后台
     -->
    <select id="query" parameterType="java.util.Map" resultMap="RM_PostLabelRecordDO">
        <include refid="sql_postTime_select"></include>
        <include refid="sql_postTime_where_list"></include>
        <include refid="sql_postTime_where_properties"></include>
        <include refid="sql_postTime_where_like_properties"></include>
        <include refid="sql_postTime_order"></include>
        <include refid="sql_postTime_limit"></include>
    </select>


    <select id="count" parameterType="java.util.Map" resultType="java.lang.Integer">
        <include refid="sql_postTime_count"></include>
        <include refid="sql_postTime_where_list"></include>
        <include refid="sql_postTime_where_properties"></include>
        <include refid="sql_postTime_where_like_properties"></include>
    </select>


    <!-- 查询SQL语句 -->
    <sql id="sql_postTime_select">
        <![CDATA[
            SELECT
             `id`,`label_id`,`gender`,`number`,`status`,`gmt_create`,`gmt_modified`
            FROM post_label_record
        ]]>
    </sql>

    <sql id="sql_postTime_count">
        <![CDATA[
			SELECT
				 COUNT(*)
		    FROM post_label_record
        ]]>
    </sql>


    <!-- 限制每页大小的SQL语句 -->
    <sql id="sql_postTime_limit">
        <if test="pageSize != null and pageSize > 0">
            LIMIT #{startNum},#{pageSize}
        </if>
    </sql>
    <!-- 排序SQL语句 -->
    <sql id="sql_postTime_order">
        <if test="orderBy == 'ID'">
            ORDER BY `id`
            <if test="order == 'DESC'">
                DESC
            </if>
            <if test="order == 'ASC'">
                ASC
            </if>
        </if>
    </sql>

    <!-- 查询集合条件SQL语句 -->
    <sql id="sql_postTime_where_list">
        where 1=1
        <if test="equalParam_idList != null">
            AND `id` IN
            <foreach collection="equalParam_idList" item="item" index="index" open="(" separator="," close=")">
                #{item}
            </foreach>
        </if>
        <if test="equalParam_statusList != null">
            AND `status` IN
            <foreach collection="equalParam_statusList" item="item" index="index" open="(" separator="," close=")">
                #{item}
            </foreach>
        </if>
    </sql>

    <!-- 查询条件SQL语句 -->
    <sql id="sql_postTime_where_properties">
        <if test="equalParam_id != null">
            AND `id` = #{equalParam_id}
        </if>
        <if test="equalParam_gender != null">
            AND `gender` = #{equalParam_gender}
        </if>
        <if test="equalParam_status != null">
            AND `status` = #{equalParam_status }
        </if>
    </sql>

    <!-- 查询like条件SQL语句 -->
    <sql id="sql_postTime_where_like_properties">
    </sql>

    <!-- set Properties SQL语句 -->
    <sql id="sql_postTime_set_properties">
        <if test="setParam_gender != null">,gender = #{setParam_gender}</if>
        <if test="setParam_status != null">,status = #{setParam_status}</if>
        <if test="setParam_labelId != null">,label_id = #{setParam_labelId}</if>
    </sql>

</mapper>
