<?xml version="1.0" encoding="UTF-8" ?>
<!DOCTYPE mapper
        PUBLIC "-//mybatis.org//DTD Mapper 3.0//EN"
        "http://mybatis.org/dtd/mybatis-3-mapper.dtd">
<mapper namespace="com.heart.campus.dal.dao.system.RoleDAO">

    <resultMap id="RM_RoleDO" type="com.heart.campus.dal.domain.system.RoleDO">
        <result column="id" property="id" jdbcType="INTEGER"/>
        <result column="gmt_create" property="gmtCreate" jdbcType="TIMESTAMP"/>
        <result column="gmt_modified" property="gmtModified" jdbcType="TIMESTAMP"/>
        <result column="status" property="status" jdbcType="INTEGER"/>
        <result column="name" property="name" jdbcType="VARCHAR"/>
        <result column="desc" property="desc" jdbcType="VARCHAR"/>
    </resultMap>


    <!-- 新增记录,如果存在生成主键，增加如下配置：useGeneratedKeys="true" keyProperty="id"-->
    <insert id="insert" parameterType="RoleDO" useGeneratedKeys="true" keyProperty="id">
        INSERT INTO role
        <include refid="sql_file_data_insert_column_list"/>
        VALUES
        (now(),now(),#{name},#{desc},#{status})
    </insert>

    <!-- 批量插入-->
    <insert id="batchInsert" parameterType="java.util.List" useGeneratedKeys="true" keyProperty="id">
        INSERT INTO role
        <include refid="sql_file_data_insert_column_list"/>
        VALUES
        <foreach item="item" collection="list" separator=",">
            (now(),now(),#{item.name},#{item.desc},#{item.status})
        </foreach>
    </insert>

    <!-- 删除记录-->
    <delete id="delete" parameterType="java.util.Map">
        DELETE FROM role
        <include refid="sql_role_where_list"></include>
        <include refid="sql_role_where_properties"></include>
        <include refid="sql_role_where_like_properties"></include>
    </delete>

    <!-- 更新记录，如果需要设置更新时间，增加如下命令：SET `gmt_modified` = now()-->
    <update id="update" parameterType="java.util.Map">
        UPDATE role
        SET `gmt_modified` = now()
        <include refid="sql_role_set_properties"></include>
        <include refid="sql_role_where_list"></include>
        <include refid="sql_role_where_properties"></include>
        <include refid="sql_role_where_like_properties"></include>
    </update>

    <!--
        用途：通用批量查询数据
        预计每天执行该sql语句的调用频率（单位：次/天）：10000
        部署在前台还是后台：后台
     -->
    <select id="query" parameterType="java.util.Map" resultMap="RM_RoleDO">
        <include refid="sql_role_select"></include>
        <include refid="sql_role_where_list"></include>
        <include refid="sql_role_where_properties"></include>
        <include refid="sql_role_where_like_properties"></include>
        <include refid="sql_role_order"></include>
        <include refid="sql_role_limit"></include>
    </select>


    <select id="count" parameterType="java.util.Map" resultType="java.lang.Integer">
        <include refid="sql_role_count"></include>
        <include refid="sql_role_where_list"></include>
        <include refid="sql_role_where_properties"></include>
        <include refid="sql_role_where_like_properties"></include>
    </select>

    <sql id="sql_file_data_insert_column_list">
        (`gmt_create`,`gmt_modified`,`name`,`desc`,`status`)
    </sql>
    
    <!-- 查询SQL语句 -->
    <sql id="sql_role_select">
        <![CDATA[
            SELECT
             `id`,`name`,`desc`,`status`,`gmt_create`,`gmt_modified`
            FROM role
        ]]>
    </sql>

    <sql id="sql_role_count">
        <![CDATA[
			SELECT
				 COUNT(*)
		    FROM role
        ]]>
    </sql>


    <!-- 限制每页大小的SQL语句 -->
    <sql id="sql_role_limit">
        <if test="pageSize != null and pageSize > 0">
            LIMIT #{startNum},#{pageSize}
        </if>
    </sql>
    <!-- 排序SQL语句 -->
    <sql id="sql_role_order">
        <if test="orderBy == 'ID'">
            ORDER BY `id`
            <if test="order == 'DESC'">
                DESC
            </if>
            <if test="order == 'ASC'">
                ASC
            </if>
        </if>
    </sql>
    <!-- 查询集合条件SQL语句 -->
    <sql id="sql_role_where_list">
        where 1=1
        <if test="equalParam_idList != null">
            AND `id` IN
            <foreach collection="equalParam_idList" item="item" index="index" open="(" separator="," close=")">
                #{item}
            </foreach>
        </if>
        <if test="equalParam_statusList != null">
            AND `status` IN
            <foreach collection="equalParam_statusList" item="item" index="index" open="(" separator="," close=")">
                #{item}
            </foreach>
        </if>
    </sql>

    <!-- 查询条件SQL语句 -->
    <sql id="sql_role_where_properties">
        <if test="equalParam_id != null">
            AND `id` = #{equalParam_id}
        </if>
        <if test="equalParam_name != null">
            AND `name` = #{equalParam_name}
        </if>
        <if test="equalParam_desc != null">
            AND `desc` = #{equalParam_desc}
        </if>
        <if test="equalParam_status != null">
            AND `status` = #{equalParam_status }
        </if>
    </sql>

    <!-- 查询like条件SQL语句 -->
    <sql id="sql_role_where_like_properties">
    </sql>

    <!-- set Properties SQL语句 -->
    <sql id="sql_role_set_properties">
        <if test="setParam_name != null">,name = #{setParam_name}</if>
        <if test="setParam_status != null">,status = #{setParam_status}</if>
        <if test="setParam_desc != null">,`desc` = #{setParam_desc}</if>
    </sql>

</mapper>
