<?xml version="1.0" encoding="UTF-8" ?>
<!DOCTYPE mapper
        PUBLIC "-//mybatis.org//DTD Mapper 3.0//EN"
        "http://mybatis.org/dtd/mybatis-3-mapper.dtd">
<mapper namespace="com.heart.campus.dal.dao.system.UserDAO">

    <resultMap id="RM_UserDO" type="com.heart.campus.dal.domain.system.UserDO">
        <result column="id" property="id" jdbcType="BIGINT"/>
        <result column="gmt_create" property="gmtCreate" jdbcType="TIMESTAMP"/>
        <result column="gmt_modified" property="gmtModified" jdbcType="TIMESTAMP"/>
        <result column="user_id" property="userId" jdbcType="VARCHAR"/>
        <result column="user_name" property="userName" jdbcType="VARCHAR"/>
        <result column="user_password" property="userPassword" jdbcType="VARCHAR"/>
        <result column="user_gender" property="userGender" jdbcType="INTEGER"/>
        <result column="user_phone" property="userPhone" jdbcType="VARCHAR"/>
        <result column="user_email" property="userEmail" jdbcType="VARCHAR"/>
        <result column="user_school" property="userSchool" jdbcType="VARCHAR"/>
        <result column="user_subject" property="userSubject" jdbcType="VARCHAR"/>
        <result column="user_address" property="userAddress" jdbcType="VARCHAR"/>
        <result column="user_blackwhite_state" property="userBlackWhiteState" jdbcType="VARCHAR"/>
        <result column="status" property="status" jdbcType="INTEGER"/>
        <result column="user_roles" property="roles" jdbcType="VARCHAR"/>
        <result column="user_logo" property="userLogo" jdbcType="VARCHAR"/>
    </resultMap>


    <!-- 新增记录,如果存在生成主键，增加如下配置：useGeneratedKeys="true" keyProperty="id"-->
    <insert id="insert" parameterType="UserDO" useGeneratedKeys="true" keyProperty="id">
        INSERT INTO user
        (`gmt_create`,`gmt_modified`,`user_id`,`user_name`,`user_password`,`user_roles`,`user_gender`,`user_phone`,`user_email`,``user_school`,`user_subject`,`user_address`,`user_logo`)
        VALUES
        (now(),now(),#{userId},#{userName},#{userPassword},#{roles},#{userGender},#{userPhone},#{userEmail},#{userSchool},#{userSubject},#{userAddress},#{userLogo})
    </insert>

    <!-- 删除记录-->
    <delete id="delete" parameterType="java.util.Map">
        DELETE FROM user
        <include refid="sql_user_where_list"></include>
        <include refid="sql_user_where_properties"></include>
        <include refid="sql_user_where_like_properties"></include>
    </delete>

    <!-- 更新记录，如果需要设置更新时间，增加如下命令：SET `gmt_modified` = now()-->
    <update id="update" parameterType="java.util.Map">
        UPDATE user
        SET `gmt_modified` = now()
        <include refid="sql_user_set_properties"></include>
        <include refid="sql_user_where_list"></include>
        <include refid="sql_user_where_properties"></include>
        <include refid="sql_user_where_like_properties"></include>
    </update>

    <!--
        用途：通用批量查询数据
        预计每天执行该sql语句的调用频率（单位：次/天）：10000
        部署在前台还是后台：后台
     -->
    <select id="query" parameterType="java.util.Map" resultMap="RM_UserDO">
        <include refid="sql_user_select"></include>
        <include refid="sql_user_where_list"></include>
        <include refid="sql_user_where_properties"></include>
        <include refid="sql_user_where_like_properties"></include>
        <include refid="sql_user_order"></include>
        <include refid="sql_user_limit"></include>
    </select>


    <select id="count" parameterType="java.util.Map" resultType="java.lang.Integer">
        <include refid="sql_user_count"></include>
        <include refid="sql_user_where_list"></include>
        <include refid="sql_user_where_properties"></include>
        <include refid="sql_user_where_like_properties"></include>
    </select>


    <!-- 查询SQL语句 -->
    <sql id="sql_user_select">
        <![CDATA[
            SELECT
             `id`,`gmt_create`,`gmt_modified`,`user_id`,`user_name`,`user_password`,`user_roles`,`user_gender`,`user_phone`,`user_email`,`user_school`,`user_subject`,`user_address`,
             `user_blackwhite_state`,`status`,`user_logo`
            FROM user
        ]]>
    </sql>

    <sql id="sql_user_count">
        <![CDATA[
			SELECT
				 COUNT(*)
		    FROM user
        ]]>
    </sql>


    <!-- 限制每页大小的SQL语句 -->
    <sql id="sql_user_limit">
        <if test="pageSize != null and pageSize > 0">
            LIMIT #{startNum},#{pageSize}
        </if>
    </sql>
    <!-- 排序SQL语句 -->
    <sql id="sql_user_order">
        <if test="orderBy == 'ID'">
            ORDER BY `id`
            <if test="order == 'DESC'">
                DESC
            </if>
            <if test="order == 'ASC'">
                ASC
            </if>
        </if>
        <!-- 根据最近修改时间排序，当前表不支持-->
        <!--<if test="orderBy == 'GMT_MODIFIED'">-->
        <!--ORDER BY `gmt_modified`-->
        <!--<if test="order == 'DESC'">-->
        <!--DESC-->
        <!--</if>-->
        <!--<if test="order == 'ASC'">-->
        <!--ASC-->
        <!--</if>-->
        <!--</if>-->
    </sql>
    <!-- 查询集合条件SQL语句 -->
    <sql id="sql_user_where_list">
        where 1=1
        <if test="equalParam_idList != null">
            AND `id` IN
            <foreach collection="equalParam_idList" item="item" index="index" open="(" separator="," close=")">
                #{item}
            </foreach>
        </if>
        <if test="equalParam_statusList != null">
            AND `status` IN
            <foreach collection="equalParam_statusList" item="item" index="index" open="(" separator="," close=")">
                #{item}
            </foreach>
        </if>
    </sql>

    <!-- 查询条件SQL语句 -->
    <sql id="sql_user_where_properties">
        <if test="equalParam_id != null">
            AND `id` = #{equalParam_id}
        </if>
        <if test="equalParam_userId != null">
            AND `user_id` = #{equalParam_userId}
        </if>
        <if test="equalParam_userName != null">
            AND `user_name` = #{equalParam_userName}
        </if>
        <if test="equalParam_userGender != null">
            AND `user_gender` = #{equalParam_userGender }
        </if>
        <if test="equalParam_userPhone != null">
            AND `user_phone` = #{equalParam_userPhone}
        </if>
        <if test="equalParam_userSchool != null">
            AND `user_school` = #{equalParam_userSchool}
        </if>
        <if test="equalParam_userSubject != null">
            AND `user_subject` = #{equalParam_userSubject}
        </if>
        <if test="equalParam_userAddress != null">
            AND `user_address` = #{equalParam_userAddress}
        </if>
        <if test="equalParam_userBlackWhiteState != null">
            AND `user_blackwhite_state` = #{equalParam_userBlackWhiteState}
        </if>
        <if test="equalParam_roles != null">
            AND `user_roles` = #{equalParam_roles}
        </if>
        <if test="equalParam_status != null">
            AND `status` = #{equalParam_status}
        </if>
    </sql>

    <!-- 查询like条件SQL语句 -->
    <sql id="sql_user_where_like_properties">
        <if test="likeParam_userId != null">
            AND `user_id` LIKE concat(#{likeParam_userId}, '%')
        </if>
        <if test="likeParam_userName != null">
            AND `user_name` LIKE concat(#{likeParam_userName}, '%')
        </if>
        <if test="likeParam_userPhone != null">
            AND `user_phone` LIKE concat(#{likeParam_userPhone}, '%')
        </if>
        <if test="likeParam_userEmail != null">
            AND `user_email` LIKE concat(#{likeParam_userEmail}, '%')
        </if>
    </sql>

    <!-- set Properties SQL语句 -->
    <sql id="sql_user_set_properties">
        <if test="setParam_userName != null">,user_name = #{setParam_userName}</if>
        <if test="setParam_userPassword != null">,user_password = #{setParam_userPassword}</if>
        <if test="setParam_userId != null">,user_id = #{setParam_userId}</if>
        <if test="setParam_userGender != null">,user_gender = #{setParam_userGender}</if>
        <if test="setParam_userPhone != null">,user_phone = #{setParam_userPhone}</if>
        <if test="setParam_userEmail != null">,user_email = #{setParam_userEmail}</if>
        <if test="setParam_userSchool != null">,user_school = #{setParam_userSchool}</if>
        <if test="setParam_userSubject != null">,user_subject = #{setParam_userSubject}</if>
        <if test="setParam_userAddress != null">,user_address = #{setParam_userAddress}</if>
        <if test="setParam_status != null">,status = #{setParam_status}</if>
        <if test="setParam_roles != null">,user_roles = #{setParam_roles}</if>
        <if test="setParam_userBlackWhiteState != null">,user_blackwhite_state = #{setParam_userBlackWhiteState}</if>
        <if test="setParam_userLogo != null">,user_logo = #{setParam_userLogo}</if>
    </sql>

</mapper>
