<?xml version="1.0" encoding="UTF-8" ?>
<!DOCTYPE mapper
        PUBLIC "-//mybatis.org//DTD Mapper 3.0//EN"
        "http://mybatis.org/dtd/mybatis-3-mapper.dtd">
<mapper namespace="com.heart.campus.dal.dao.data.UserPostCountRecordDAO">

    <resultMap id="RM_UserPostRateRecordDO" type="com.heart.campus.dal.domain.data.UserPostCountRecordDO">
        <result column="id" property="id" jdbcType="INTEGER"/>
        <result column="gmt_create" property="gmtCreate" jdbcType="TIMESTAMP"/>
        <result column="gmt_modified" property="gmtModified" jdbcType="TIMESTAMP"/>
        <result column="user_id" property="userId" jdbcType="VARCHAR"/>
        <result column="talk_count" property="talkCount" jdbcType="INTEGER"/>
        <result column="play_count" property="playCount" jdbcType="INTEGER"/>
        <result column="market_count" property="marketCount" jdbcType="INTEGER"/>
        <result column="part_time_count" property="partTimeCount" jdbcType="INTEGER"/>
        <result column="work_count" property="workCount" jdbcType="INTEGER"/>
        <result column="study_count" property="studyCount" jdbcType="INTEGER"/>
        <result column="lost_count" property="lostCount" jdbcType="INTEGER"/>
        <result column="campus_count" property="campusCount" jdbcType="INTEGER"/>
        <result column="status" property="status" jdbcType="INTEGER"/>
    </resultMap>


    <!-- 新增记录,如果存在生成主键，增加如下配置：useGeneratedKeys="true" keyProperty="id"-->
    <insert id="insert" parameterType="UserPostRateRecordDO" useGeneratedKeys="true" keyProperty="id">
        INSERT INTO user_post_count_record
        (
        <if test="id != null">
            `id`,
        </if>
        `gmt_create`,`gmt_modified`,`user_id`,`talk_count`,`play_count`,`market_count`,`part_time_count`,`work_count`,`study_count`,`lost_count`,`campus_count`,`status`)
        VALUES
        (
        <if test="id != null">
            #{id},
        </if>
        now(),now(),#{userId},#{talkCount},#{playCount},#{marketCount},#{partTimeCount},#{workCount},#{studyCount},#{lostCount},#{campusCount},#{status})
    </insert>

    <!-- 删除记录-->
    <delete id="delete" parameterType="java.util.Map">
        DELETE FROM user_post_count_record
        <include refid="sql_postTime_where_list"></include>
        <include refid="sql_postTime_where_properties"></include>
        <include refid="sql_postTime_where_like_properties"></include>
    </delete>

    <!-- 更新记录，如果需要设置更新时间，增加如下命令：SET `gmt_modified` = now()-->
    <update id="update" parameterType="java.util.Map">
        UPDATE user_post_count_record
        SET `gmt_modified` = now()
        <include refid="sql_postTime_set_properties"></include>
        <include refid="sql_postTime_where_list"></include>
        <include refid="sql_postTime_where_properties"></include>
        <include refid="sql_postTime_where_like_properties"></include>
    </update>

    <!--
        用途：通用批量查询数据
        预计每天执行该sql语句的调用频率（单位：次/天）：10000
        部署在前台还是后台：后台
     -->
    <select id="query" parameterType="java.util.Map" resultMap="RM_UserPostRateRecordDO">
        <include refid="sql_postTime_select"></include>
        <include refid="sql_postTime_where_list"></include>
        <include refid="sql_postTime_where_properties"></include>
        <include refid="sql_postTime_where_like_properties"></include>
        <include refid="sql_postTime_order"></include>
        <include refid="sql_postTime_limit"></include>
    </select>


    <select id="count" parameterType="java.util.Map" resultType="java.lang.Integer">
        <include refid="sql_postTime_count"></include>
        <include refid="sql_postTime_where_list"></include>
        <include refid="sql_postTime_where_properties"></include>
        <include refid="sql_postTime_where_like_properties"></include>
    </select>


    <!-- 查询SQL语句 -->
    <sql id="sql_postTime_select">
        <![CDATA[

            SELECT
             `id`,`user_id`,`talk_count`,`play_count`,`market_count`,`part_time_count`,`work_count`,`study_count`,`lost_count`,`campus_count`,`status`,`gmt_create`,`gmt_modified`
            FROM user_post_count_record

        ]]>
    </sql>

    <sql id="sql_postTime_count">
        <![CDATA[

			SELECT
				 COUNT(*)
		    FROM user_post_count_record

        ]]>
    </sql>


    <!-- 限制每页大小的SQL语句 -->
    <sql id="sql_postTime_limit">
        <if test="pageSize != null and pageSize > 0">
            LIMIT #{startNum},#{pageSize}
        </if>
    </sql>
    <!-- 排序SQL语句 -->
    <sql id="sql_postTime_order">
        <if test="orderBy == 'ID'">
            ORDER BY `id`
            <if test="order == 'DESC'">
                DESC
            </if>
            <if test="order == 'ASC'">
                ASC
            </if>
        </if>
    </sql>

    <!-- 查询集合条件SQL语句 -->
    <sql id="sql_postTime_where_list">
        where 1=1
        <if test="equalParam_idList != null">
            AND `id` IN
            <foreach collection="equalParam_idList" item="item" index="index" open="(" separator="," close=")">
                #{item}
            </foreach>
        </if>
        <if test="equalParam_statusList != null">
            AND `status` IN
            <foreach collection="equalParam_statusList" item="item" index="index" open="(" separator="," close=")">
                #{item}
            </foreach>
        </if>
    </sql>

    <!-- 查询条件SQL语句 -->
    <sql id="sql_postTime_where_properties">
        <if test="equalParam_id != null">
            AND `id` = #{equalParam_id}
        </if>
        <if test="equalParam_status != null">
            AND `status` = #{equalParam_status }
        </if>
    </sql>

    <!-- 查询like条件SQL语句 -->
    <sql id="sql_postTime_where_like_properties">
    </sql>

    <!-- set Properties SQL语句 -->
    <sql id="sql_postTime_set_properties">
        <if test="setParam_status != null">,status = #{setParam_status}</if>
        <if test="setParam_userId != null">,user_id = #{setParam_userId}</if>
        <if test="setParam_talkCount != null">,talk_count = #{setParam_talkCount}</if>
        <if test="setParam_playCount != null">,play_count = #{setParam_playCount}</if>
        <if test="setParam_marketCount != null">,market_count = #{setParam_marketCount}</if>
        <if test="setParam_partTimeCount != null">,part_time_count = #{setParam_partTimeCount}</if>
        <if test="setParam_workCount != null">,work_count = #{setParam_workCount}</if>
        <if test="setParam_studyCount != null">,study_count = #{setParam_studyCount}</if>
        <if test="setParam_lostCount != null">,lost_count = #{setParam_lostCount}</if>
        <if test="setParam_campusCount != null">,campus_count = #{setParam_campusCount}</if>
    </sql>

</mapper>
