<?xml version="1.0" encoding="UTF-8" ?>
<!-- mybatis的配置文件 -->
<!DOCTYPE configuration
        PUBLIC "-//mybatis.org//DTD Config 3.0//EN"
        "http://mybatis.org/dtd/mybatis-3-config.dtd">
<configuration>
    <typeAliases>
        <package name="com.heart.campus.dal"/>
    </typeAliases>
    <mappers>
        <mapper resource="sqlmap/UserSQL.xml"/>
        <mapper resource="sqlmap/RoleSQL.xml"/>
        <mapper resource="sqlmap/PostTypeSQL.xml"/>
        <mapper resource="sqlmap/PostSQL.xml"/>
        <mapper resource="sqlmap/CommentSQL.xml"/>
        <mapper resource="sqlmap/VisitSQL.xml"/>
        <mapper resource="sqlmap/UpvoteSQL.xml"/>
        <mapper resource="sqlmap/LabelSQL.xml"/>
        <mapper resource="sqlmap/MemberSQL.xml"/>
        <mapper resource="sqlmap/PostTimeRecordSQL.xml"/>
        <mapper resource="sqlmap/PostTypeRecordSQL.xml"/>
        <mapper resource="sqlmap/PostLabelRecordSQL.xml"/>
        <mapper resource="sqlmap/UserPostRateRecordSQL.xml"/>
        <mapper resource="sqlmap/UserPostCountRecordSQL.xml"/>
        <!--<mapper resource="sqlmap/AdvertSQL.xml"/>-->
        <!--<mapper resource="sqlmap/AppversionSQL.xml"/>-->
        <!--<mapper resource="sqlmap/CommentAndPostSQL.xml"/>-->
    </mappers>
</configuration>